Provincia;Acceso;Fecha
CABA y provincia de Bs.As.;19.083.297;01/12/2016
Catamarca;270.757;01/12/2016
Chaco;704.496;01/12/2016
Chubut;615.952;01/12/2016
Córdoba;3.246.615;01/12/2016
Corrientes;727.889;01/12/2016
Entre Ríos;994.765;01/12/2016
Formosa;347.837;01/12/2016
Jujuy;479.872;01/12/2016
La Pampa;284.603;01/12/2016
La Rioja;290.358;01/12/2016
Mendoza;1.400.855;01/12/2016
Misiones;733.565;01/12/2016
Neuquén;691.142;01/12/2016
Río Negro;555.067;01/12/2016
Salta;869.713;01/12/2016
San Juan;511.480;01/12/2016
San Luis;324.148;01/12/2016
Santa Cruz;184.858;01/12/2016
Santa Fe;2.808.519;01/12/2016
Santiago del Estero;514.299;01/12/2016
Tierra del Fuego;172.189;01/12/2016
Tucumán;1.158.719;01/12/2016
CABA y provincia de Bs.As.;19.083.926;01/01/2017
Catamarca;271.259;01/01/2017
Chaco;710.981;01/01/2017
Chubut;614.984;01/01/2017
Córdoba;3.241.326;01/01/2017
Corrientes;732.969;01/01/2017
Entre Ríos;998.959;01/01/2017
Formosa;348.455;01/01/2017
Jujuy;481.554;01/01/2017
La Pampa;284.071;01/01/2017
La Rioja;291.569;01/01/2017
Mendoza;1.400.734;01/01/2017
Misiones;737.915;01/01/2017
Neuquén;692.987;01/01/2017
Río Negro;560.619;01/01/2017
Salta;872.018;01/01/2017
San Juan;515.473;01/01/2017
San Luis;323.762;01/01/2017
Santa Cruz;184.156;01/01/2017
Santa Fe;2.815.406;01/01/2017
Santiago del Estero;516.795;01/01/2017
Tierra del Fuego;169.320;01/01/2017
Tucumán;1.160.049;01/01/2017
CABA y provincia de Bs.As.;19.014.372;01/02/2017
Catamarca;266.050;01/02/2017
Chaco;701.466;01/02/2017
Chubut;611.944;01/02/2017
Córdoba;3.209.987;01/02/2017
Corrientes;727.357;01/02/2017
Entre Ríos;985.462;01/02/2017
Formosa;341.668;01/02/2017
Jujuy;473.633;01/02/2017
La Pampa;282.779;01/02/2017
La Rioja;285.959;01/02/2017
Mendoza;1.391.031;01/02/2017
Misiones;724.728;01/02/2017
Neuquén;691.570;01/02/2017
Río Negro;559.432;01/02/2017
Salta;854.603;01/02/2017
San Juan;511.289;01/02/2017
San Luis;320.550;01/02/2017
Santa Cruz;183.414;01/02/2017
Santa Fe;2.789.640;01/02/2017
Santiago del Estero;505.503;01/02/2017
Tierra del Fuego;167.817;01/02/2017
Tucumán;1.138.531;01/02/2017
CABA y provincia de Bs.As.;19.120.299;01/03/2017
Catamarca;269.924;01/03/2017
Chaco;711.177;01/03/2017
Chubut;616.500;01/03/2017
Córdoba;3.242.457;01/03/2017
Corrientes;738.043;01/03/2017
Entre Ríos;995.416;01/03/2017
Formosa;345.732;01/03/2017
Jujuy;480.714;01/03/2017
La Pampa;284.912;01/03/2017
La Rioja;289.365;01/03/2017
Mendoza;1.406.793;01/03/2017
Misiones;735.728;01/03/2017
Neuquén;697.501;01/03/2017
Río Negro;564.724;01/03/2017
Salta;869.909;01/03/2017
San Juan;517.172;01/03/2017
San Luis;322.997;01/03/2017
Santa Cruz;183.564;01/03/2017
Santa Fe;2.808.773;01/03/2017
Santiago del Estero;511.064;01/03/2017
Tierra del Fuego;166.826;01/03/2017
Tucumán;1.152.215;01/03/2017
CABA y provincia de Bs.As.;19.208.981;01/04/2017
Catamarca;270.853;01/04/2017
Chaco;717.414;01/04/2017
Chubut;615.247;01/04/2017
Córdoba;3.255.079;01/04/2017
Corrientes;738.782;01/04/2017
Entre Ríos;1.001.448;01/04/2017
Formosa;347.174;01/04/2017
Jujuy;480.597;01/04/2017
La Pampa;285.200;01/04/2017
La Rioja;290.825;01/04/2017
Mendoza;1.403.990;01/04/2017
Misiones;745.852;01/04/2017
Neuquén;694.839;01/04/2017
Río Negro;556.140;01/04/2017
Salta;872.796;01/04/2017
San Juan;510.642;01/04/2017
San Luis;321.462;01/04/2017
Santa Cruz;183.232;01/04/2017
Santa Fe;2.825.558;01/04/2017
Santiago del Estero;514.855;01/04/2017
Tierra del Fuego;168.774;01/04/2017
Tucumán;1.154.576;01/04/2017
CABA y provincia de Bs.As.;19.201.817;01/05/2017
Catamarca;272.250;01/05/2017
Chaco;730.099;01/05/2017
Chubut;618.447;01/05/2017
Córdoba;3.258.878;01/05/2017
Corrientes;745.784;01/05/2017
Entre Ríos;1.008.944;01/05/2017
Formosa;352.290;01/05/2017
Jujuy;483.134;01/05/2017
La Pampa;283.970;01/05/2017
La Rioja;293.816;01/05/2017
Mendoza;1.397.910;01/05/2017
Misiones;756.442;01/05/2017
Neuquén;704.797;01/05/2017
Río Negro;568.210;01/05/2017
Salta;877.307;01/05/2017
San Juan;525.748;01/05/2017
San Luis;321.429;01/05/2017
Santa Cruz;182.590;01/05/2017
Santa Fe;2.841.724;01/05/2017
Santiago del Estero;522.074;01/05/2017
Tierra del Fuego;161.987;01/05/2017
Tucumán;1.160.478;01/05/2017
CABA y provincia de Bs.As.;19.248.981;01/06/2017
Catamarca;273.965;01/06/2017
Chaco;743.305;01/06/2017
Chubut;621.407;01/06/2017
Córdoba;3.265.460;01/06/2017
Corrientes;752.594;01/06/2017
Entre Ríos;1.014.315;01/06/2017
Formosa;356.077;01/06/2017
Jujuy;485.166;01/06/2017
La Pampa;286.052;01/06/2017
La Rioja;295.429;01/06/2017
Mendoza;1.396.098;01/06/2017
Misiones;765.995;01/06/2017
Neuquén;705.725;01/06/2017
Río Negro;569.786;01/06/2017
Salta;882.202;01/06/2017
San Juan;526.954;01/06/2017
San Luis;323.052;01/06/2017
Santa Cruz;182.162;01/06/2017
Santa Fe;2.853.715;01/06/2017
Santiago del Estero;525.754;01/06/2017
Tierra del Fuego;160.651;01/06/2017
Tucumán;1.168.104;01/06/2017
CABA y provincia de Bs.As.;19.433.980;01/07/2017
Catamarca;278.611;01/07/2017
Chaco;761.035;01/07/2017
Chubut;626.069;01/07/2017
Córdoba;3.317.500;01/07/2017
Corrientes;765.192;01/07/2017
Entre Ríos;1.029.704;01/07/2017
Formosa;366.612;01/07/2017
Jujuy;494.239;01/07/2017
La Pampa;289.962;01/07/2017
La Rioja;300.780;01/07/2017
Mendoza;1.403.612;01/07/2017
Misiones;785.255;01/07/2017
Neuquén;702.185;01/07/2017
Río Negro;557.735;01/07/2017
Salta;899.731;01/07/2017
San Juan;521.168;01/07/2017
San Luis;325.794;01/07/2017
Santa Cruz;182.599;01/07/2017
Santa Fe;2.892.948;01/07/2017
Santiago del Estero;535.509;01/07/2017
Tierra del Fuego;164.141;01/07/2017
Tucumán;1.187.250;01/07/2017
CABA y provincia de Bs.As.;19.576.824;01/08/2017
Catamarca;282.015;01/08/2017
Chaco;773.619;01/08/2017
Chubut;634.490;01/08/2017
Córdoba;3.346.495;01/08/2017
Corrientes;776.298;01/08/2017
Entre Ríos;1.039.938;01/08/2017
Formosa;372.342;01/08/2017
Jujuy;501.422;01/08/2017
La Pampa;292.592;01/08/2017
La Rioja;304.823;01/08/2017
Mendoza;1.411.577;01/08/2017
Misiones;795.898;01/08/2017
Neuquén;704.920;01/08/2017
Río Negro;560.205;01/08/2017
Salta;907.517;01/08/2017
San Juan;524.424;01/08/2017
San Luis;326.966;01/08/2017
Santa Cruz;181.524;01/08/2017
Santa Fe;2.908.213;01/08/2017
Santiago del Estero;544.302;01/08/2017
Tierra del Fuego;163.815;01/08/2017
Tucumán;1.201.338;01/08/2017
CABA y provincia de Bs.As.;19.614.543;01/09/2017
Catamarca;284.251;01/09/2017
Chaco;787.448;01/09/2017
Chubut;634.180;01/09/2017
Córdoba;3.362.387;01/09/2017
Corrientes;786.081;01/09/2017
Entre Ríos;1.049.949;01/09/2017
Formosa;377.856;01/09/2017
Jujuy;507.113;01/09/2017
La Pampa;291.984;01/09/2017
La Rioja;308.406;01/09/2017
Mendoza;1.411.565;01/09/2017
Misiones;806.416;01/09/2017
Neuquén;700.289;01/09/2017
Río Negro;553.806;01/09/2017
Salta;918.789;01/09/2017
San Juan;522.666;01/09/2017
San Luis;331.635;01/09/2017
Santa Cruz;181.814;01/09/2017
Santa Fe;2.934.197;01/09/2017
Santiago del Estero;550.606;01/09/2017
Tierra del Fuego;163.497;01/09/2017
Tucumán;1.207.530;01/09/2017
CABA y provincia de Bs.As.;19.718.945;01/10/2017
Catamarca;286.691;01/10/2017
Chaco;803.088;01/10/2017
Chubut;636.772;01/10/2017
Córdoba;3.385.200;01/10/2017
Corrientes;798.181;01/10/2017
Entre Ríos;1.061.021;01/10/2017
Formosa;385.271;01/10/2017
Jujuy;514.144;01/10/2017
La Pampa;293.566;01/10/2017
La Rioja;311.627;01/10/2017
Mendoza;1.414.025;01/10/2017
Misiones;820.548;01/10/2017
Neuquén;696.845;01/10/2017
Río Negro;551.602;01/10/2017
Salta;929.615;01/10/2017
San Juan;521.833;01/10/2017
San Luis;335.735;01/10/2017
Santa Cruz;181.340;01/10/2017
Santa Fe;2.958.139;01/10/2017
Santiago del Estero;560.281;01/10/2017
Tierra del Fuego;163.537;01/10/2017
Tucumán;1.222.818;01/10/2017
CABA y provincia de Bs.As.;19.808.344;01/11/2017
Catamarca;285.737;01/11/2017
Chaco;804.829;01/11/2017
Chubut;639.927;01/11/2017
Córdoba;3.384.496;01/11/2017
Corrientes;796.394;01/11/2017
Entre Ríos;1.061.352;01/11/2017
Formosa;384.119;01/11/2017
Jujuy;514.435;01/11/2017
La Pampa;295.571;01/11/2017
La Rioja;309.779;01/11/2017
Mendoza;1.421.623;01/11/2017
Misiones;820.197;01/11/2017
Neuquén;698.246;01/11/2017
Río Negro;553.963;01/11/2017
Salta;929.489;01/11/2017
San Juan;520.865;01/11/2017
San Luis;336.718;01/11/2017
Santa Cruz;181.580;01/11/2017
Santa Fe;2.960.750;01/11/2017
Santiago del Estero;560.170;01/11/2017
Tierra del Fuego;163.880;01/11/2017
Tucumán;1.222.279;01/11/2017
CABA y provincia de Bs.As.;19.900.292;01/12/2017
Catamarca;291.860;01/12/2017
Chaco;816.605;01/12/2017
Chubut;641.671;01/12/2017
Córdoba;3.427.433;01/12/2017
Corrientes;806.135;01/12/2017
Entre Ríos;1.071.953;01/12/2017
Formosa;390.948;01/12/2017
Jujuy;525.738;01/12/2017
La Pampa;297.273;01/12/2017
La Rioja;314.344;01/12/2017
Mendoza;1.437.814;01/12/2017
Misiones;835.035;01/12/2017
Neuquén;700.267;01/12/2017
Río Negro;556.163;01/12/2017
Salta;942.629;01/12/2017
San Juan;522.159;01/12/2017
San Luis;339.099;01/12/2017
Santa Cruz;181.669;01/12/2017
Santa Fe;2.988.220;01/12/2017
Santiago del Estero;574.271;01/12/2017
Tierra del Fuego;164.206;01/12/2017
Tucumán;1.240.337;01/12/2017
CABA y provincia de Bs.As.;19.833.762;01/01/2018
Catamarca;291.813;01/01/2018
Chaco;814.658;01/01/2018
Chubut;631.432;01/01/2018
Córdoba;3.437.016;01/01/2018
Corrientes;805.283;01/01/2018
Entre Ríos;1.071.563;01/01/2018
Formosa;388.569;01/01/2018
Jujuy;528.891;01/01/2018
La Pampa;296.588;01/01/2018
La Rioja;315.077;01/01/2018
Mendoza;1.420.183;01/01/2018
Misiones;835.855;01/01/2018
Neuquén;693.425;01/01/2018
Río Negro;545.147;01/01/2018
Salta;947.393;01/01/2018
San Juan;513.302;01/01/2018
San Luis;338.186;01/01/2018
Santa Cruz;177.774;01/01/2018
Santa Fe;2.990.928;01/01/2018
Santiago del Estero;574.654;01/01/2018
Tierra del Fuego;165.374;01/01/2018
Tucumán;1.247.508;01/01/2018
CABA y provincia de Bs.As.;19.813.155;01/02/2018
Catamarca;284.543;01/02/2018
Chaco;806.108;01/02/2018
Chubut;614.379;01/02/2018
Córdoba;3.395.622;01/02/2018
Corrientes;798.496;01/02/2018
Entre Ríos;1.060.031;01/02/2018
Formosa;385.718;01/02/2018
Jujuy;515.428;01/02/2018
La Pampa;293.074;01/02/2018
La Rioja;310.654;01/02/2018
Mendoza;1.375.626;01/02/2018
Misiones;822.405;01/02/2018
Neuquén;684.051;01/02/2018
Río Negro;526.614;01/02/2018
Salta;929.480;01/02/2018
San Juan;498.266;01/02/2018
San Luis;333.931;01/02/2018
Santa Cruz;171.965;01/02/2018
Santa Fe;2.965.392;01/02/2018
Santiago del Estero;558.628;01/02/2018
Tierra del Fuego;163.843;01/02/2018
Tucumán;1.220.820;01/02/2018
CABA y provincia de Bs.As.;19.867.812;01/03/2018
Catamarca;292.173;01/03/2018
Chaco;814.461;01/03/2018
Chubut;616.727;01/03/2018
Córdoba;3.447.440;01/03/2018
Corrientes;807.174;01/03/2018
Entre Ríos;1.070.626;01/03/2018
Formosa;387.645;01/03/2018
Jujuy;530.442;01/03/2018
La Pampa;295.409;01/03/2018
La Rioja;315.381;01/03/2018
Mendoza;1.393.713;01/03/2018
Misiones;834.692;01/03/2018
Neuquén;680.814;01/03/2018
Río Negro;529.305;01/03/2018
Salta;946.001;01/03/2018
San Juan;497.991;01/03/2018
San Luis;333.881;01/03/2018
Santa Cruz;171.151;01/03/2018
Santa Fe;2.985.964;01/03/2018
Santiago del Estero;570.997;01/03/2018
Tierra del Fuego;164.571;01/03/2018
Tucumán;1.244.211;01/03/2018
CABA y provincia de Bs.As.;19.940.284;01/04/2018
Catamarca;292.457;01/04/2018
Chaco;816.119;01/04/2018
Chubut;608.523;01/04/2018
Córdoba;3.452.929;01/04/2018
Corrientes;807.733;01/04/2018
Entre Ríos;1.071.235;01/04/2018
Formosa;387.459;01/04/2018
Jujuy;529.259;01/04/2018
La Pampa;294.342;01/04/2018
La Rioja;315.901;01/04/2018
Mendoza;1.399.162;01/04/2018
Misiones;836.096;01/04/2018
Neuquén;682.611;01/04/2018
Río Negro;529.418;01/04/2018
Salta;943.256;01/04/2018
San Juan;497.872;01/04/2018
San Luis;334.043;01/04/2018
Santa Cruz;171.839;01/04/2018
Santa Fe;2.989.034;01/04/2018
Santiago del Estero;571.057;01/04/2018
Tierra del Fuego;164.502;01/04/2018
Tucumán;1.247.105;01/04/2018
CABA y provincia de Bs.As.;20.014.989;01/05/2018
Catamarca;293.740;01/05/2018
Chaco;821.826;01/05/2018
Chubut;589.396;01/05/2018
Córdoba;3.456.376;01/05/2018
Corrientes;810.200;01/05/2018
Entre Ríos;1.073.951;01/05/2018
Formosa;388.990;01/05/2018
Jujuy;529.597;01/05/2018
La Pampa;289.937;01/05/2018
La Rioja;316.401;01/05/2018
Mendoza;1.400.246;01/05/2018
Misiones;838.537;01/05/2018
Neuquén;683.266;01/05/2018
Río Negro;525.954;01/05/2018
Salta;944.125;01/05/2018
San Juan;498.326;01/05/2018
San Luis;333.559;01/05/2018
Santa Cruz;171.956;01/05/2018
Santa Fe;3.000.832;01/05/2018
Santiago del Estero;570.780;01/05/2018
Tierra del Fuego;164.913;01/05/2018
Tucumán;1.249.448;01/05/2018
CABA y provincia de Bs.As.;19.820.773;01/06/2018
Catamarca;292.473;01/06/2018
Chaco;819.993;01/06/2018
Chubut;584.128;01/06/2018
Córdoba;3.441.268;01/06/2018
Corrientes;805.790;01/06/2018
Entre Ríos;1.066.441;01/06/2018
Formosa;387.907;01/06/2018
Jujuy;523.652;01/06/2018
La Pampa;289.393;01/06/2018
La Rioja;314.538;01/06/2018
Mendoza;1.384.601;01/06/2018
Misiones;837.477;01/06/2018
Neuquén;675.876;01/06/2018
Río Negro;516.738;01/06/2018
Salta;938.124;01/06/2018
San Juan;490.564;01/06/2018
San Luis;330.043;01/06/2018
Santa Cruz;170.486;01/06/2018
Santa Fe;2.980.173;01/06/2018
Santiago del Estero;569.031;01/06/2018
Tierra del Fuego;165.203;01/06/2018
Tucumán;1.244.282;01/06/2018
CABA y provincia de Bs.As.;19.851.152;01/07/2018
Catamarca;294.891;01/07/2018
Chaco;826.864;01/07/2018
Chubut;583.819;01/07/2018
Córdoba;3.456.516;01/07/2018
Corrientes;813.313;01/07/2018
Entre Ríos;1.072.821;01/07/2018
Formosa;392.210;01/07/2018
Jujuy;528.952;01/07/2018
La Pampa;290.693;01/07/2018
La Rioja;316.953;01/07/2018
Mendoza;1.385.586;01/07/2018
Misiones;843.898;01/07/2018
Neuquén;676.525;01/07/2018
Río Negro;516.171;01/07/2018
Salta;942.662;01/07/2018
San Juan;490.075;01/07/2018
San Luis;331.370;01/07/2018
Santa Cruz;170.681;01/07/2018
Santa Fe;2.994.453;01/07/2018
Santiago del Estero;573.905;01/07/2018
Tierra del Fuego;165.187;01/07/2018
Tucumán;1.252.442;01/07/2018
CABA y provincia de Bs.As.;19.876.323;01/08/2018
Catamarca;296.048;01/08/2018
Chaco;829.953;01/08/2018
Chubut;583.403;01/08/2018
Córdoba;3.461.977;01/08/2018
Corrientes;816.739;01/08/2018
Entre Ríos;1.076.069;01/08/2018
Formosa;393.472;01/08/2018
Jujuy;531.414;01/08/2018
La Pampa;290.956;01/08/2018
La Rioja;318.326;01/08/2018
Mendoza;1.383.812;01/08/2018
Misiones;846.393;01/08/2018
Neuquén;676.701;01/08/2018
Río Negro;514.943;01/08/2018
Salta;947.473;01/08/2018
San Juan;489.025;01/08/2018
San Luis;330.004;01/08/2018
Santa Cruz;169.772;01/08/2018
Santa Fe;3.002.914;01/08/2018
Santiago del Estero;579.731;01/08/2018
Tierra del Fuego;164.611;01/08/2018
Tucumán;1.259.248;01/08/2018
CABA y provincia de Bs.As.;19.868.565;01/09/2018
Catamarca;294.801;01/09/2018
Chaco;831.666;01/09/2018
Chubut;580.622;01/09/2018
Córdoba;3.457.621;01/09/2018
Corrientes;816.786;01/09/2018
Entre Ríos;1.076.138;01/09/2018
Formosa;392.790;01/09/2018
Jujuy;530.302;01/09/2018
La Pampa;289.963;01/09/2018
La Rioja;318.215;01/09/2018
Mendoza;1.379.081;01/09/2018
Misiones;844.211;01/09/2018
Neuquén;674.150;01/09/2018
Río Negro;512.264;01/09/2018
Salta;945.786;01/09/2018
San Juan;486.683;01/09/2018
San Luis;325.542;01/09/2018
Santa Cruz;169.065;01/09/2018
Santa Fe;2.998.262;01/09/2018
Santiago del Estero;577.918;01/09/2018
Tierra del Fuego;163.838;01/09/2018
Tucumán;1.255.193;01/09/2018
CABA y provincia de Bs.As.;19.898.413;01/10/2018
Catamarca;294.568;01/10/2018
Chaco;833.968;01/10/2018
Chubut;579.407;01/10/2018
Córdoba;3.449.959;01/10/2018
Corrientes;818.482;01/10/2018
Entre Ríos;1.078.618;01/10/2018
Formosa;393.059;01/10/2018
Jujuy;532.786;01/10/2018
La Pampa;289.775;01/10/2018
La Rioja;318.351;01/10/2018
Mendoza;1.373.189;01/10/2018
Misiones;844.576;01/10/2018
Neuquén;673.791;01/10/2018
Río Negro;511.147;01/10/2018
Salta;945.496;01/10/2018
San Juan;485.619;01/10/2018
San Luis;324.206;01/10/2018
Santa Cruz;168.773;01/10/2018
Santa Fe;2.997.305;01/10/2018
Santiago del Estero;579.274;01/10/2018
Tierra del Fuego;163.779;01/10/2018
Tucumán;1.256.222;01/10/2018
CABA y provincia de Bs.As.;19.754.333;01/11/2018
Catamarca;289.976;01/11/2018
Chaco;823.618;01/11/2018
Chubut;572.739;01/11/2018
Córdoba;3.410.991;01/11/2018
Corrientes;806.615;01/11/2018
Entre Ríos;1.070.005;01/11/2018
Formosa;386.380;01/11/2018
Jujuy;524.993;01/11/2018
La Pampa;287.059;01/11/2018
La Rioja;314.236;01/11/2018
Mendoza;1.350.455;01/11/2018
Misiones;832.749;01/11/2018
Neuquén;666.945;01/11/2018
Río Negro;505.713;01/11/2018
Salta;931.984;01/11/2018
San Juan;478.247;01/11/2018
San Luis;318.093;01/11/2018
Santa Cruz;167.031;01/11/2018
Santa Fe;2.971.714;01/11/2018
Santiago del Estero;571.605;01/11/2018
Tierra del Fuego;162.798;01/11/2018
Tucumán;1.236.465;01/11/2018
CABA y provincia de Bs.As.;19.883.462;01/12/2018
Catamarca;292.743;01/12/2018
Chaco;829.714;01/12/2018
Chubut;579.986;01/12/2018
Córdoba;3.445.870;01/12/2018
Corrientes;814.659;01/12/2018
Entre Ríos;1.079.856;01/12/2018
Formosa;391.568;01/12/2018
Jujuy;533.724;01/12/2018
La Pampa;291.895;01/12/2018
La Rioja;318.320;01/12/2018
Mendoza;1.372.280;01/12/2018
Misiones;841.869;01/12/2018
Neuquén;676.737;01/12/2018
Río Negro;513.282;01/12/2018
Salta;943.545;01/12/2018
San Juan;486.856;01/12/2018
San Luis;324.200;01/12/2018
Santa Cruz;168.938;01/12/2018
Santa Fe;2.996.906;01/12/2018
Santiago del Estero;578.547;01/12/2018
Tierra del Fuego;164.744;01/12/2018
Tucumán;1.242.546;01/12/2018
CABA y provincia de Bs.As.;19.846.661;01/01/2019
Catamarca;290.414;01/01/2019
Chaco;823.860;01/01/2019
Chubut;570.278;01/01/2019
Córdoba;3.398.942;01/01/2019
Corrientes;804.841;01/01/2019
Entre Ríos;1.068.347;01/01/2019
Formosa;387.705;01/01/2019
Jujuy;527.152;01/01/2019
La Pampa;287.705;01/01/2019
La Rioja;317.313;01/01/2019
Mendoza;1.344.988;01/01/2019
Misiones;833.362;01/01/2019
Neuquén;667.107;01/01/2019
Río Negro;506.564;01/01/2019
Salta;931.967;01/01/2019
San Juan;478.987;01/01/2019
San Luis;316.753;01/01/2019
Santa Cruz;166.371;01/01/2019
Santa Fe;2.958.124;01/01/2019
Santiago del Estero;573.193;01/01/2019
Tierra del Fuego;162.934;01/01/2019
Tucumán;1.229.437;01/01/2019
CABA y provincia de Bs.As.;19.822.228;01/02/2019
Catamarca;286.560;01/02/2019
Chaco;815.282;01/02/2019
Chubut;565.571;01/02/2019
Córdoba;3.392.170;01/02/2019
Corrientes;797.276;01/02/2019
Entre Ríos;1.060.966;01/02/2019
Formosa;382.899;01/02/2019
Jujuy;522.444;01/02/2019
La Pampa;288.142;01/02/2019
La Rioja;314.712;01/02/2019
Mendoza;1.334.409;01/02/2019
Misiones;821.660;01/02/2019
Neuquén;665.632;01/02/2019
Río Negro;501.874;01/02/2019
Salta;920.242;01/02/2019
San Juan;473.637;01/02/2019
San Luis;312.383;01/02/2019
Santa Cruz;165.099;01/02/2019
Santa Fe;2.941.929;01/02/2019
Santiago del Estero;565.124;01/02/2019
Tierra del Fuego;161.430;01/02/2019
Tucumán;1.212.170;01/02/2019
CABA y provincia de Bs.As.;19.990.435;01/03/2019
Catamarca;288.926;01/03/2019
Chaco;821.308;01/03/2019
Chubut;570.434;01/03/2019
Córdoba;3.392.362;01/03/2019
Corrientes;804.158;01/03/2019
Entre Ríos;1.069.907;01/03/2019
Formosa;386.394;01/03/2019
Jujuy;528.129;01/03/2019
La Pampa;290.459;01/03/2019
La Rioja;316.154;01/03/2019
Mendoza;1.342.487;01/03/2019
Misiones;831.666;01/03/2019
Neuquén;672.290;01/03/2019
Río Negro;507.095;01/03/2019
Salta;927.251;01/03/2019
San Juan;476.603;01/03/2019
San Luis;314.520;01/03/2019
Santa Cruz;166.012;01/03/2019
Santa Fe;2.966.187;01/03/2019
Santiago del Estero;572.339;01/03/2019
Tierra del Fuego;161.833;01/03/2019
Tucumán;1.218.805;01/03/2019
CABA y provincia de Bs.As.;20.236.571;01/04/2019
Catamarca;286.581;01/04/2019
Chaco;817.767;01/04/2019
Chubut;575.802;01/04/2019
Córdoba;3.385.410;01/04/2019
Corrientes;801.234;01/04/2019
Entre Ríos;1.067.825;01/04/2019
Formosa;383.128;01/04/2019
Jujuy;521.846;01/04/2019
La Pampa;290.048;01/04/2019
La Rioja;318.980;01/04/2019
Mendoza;1.363.089;01/04/2019
Misiones;834.568;01/04/2019
Neuquén;694.635;01/04/2019
Río Negro;515.684;01/04/2019
Salta;926.116;01/04/2019
San Juan;478.831;01/04/2019
San Luis;315.606;01/04/2019
Santa Cruz;167.080;01/04/2019
Santa Fe;2.986.537;01/04/2019
Santiago del Estero;570.049;01/04/2019
Tierra del Fuego;162.270;01/04/2019
Tucumán;1.224.892;01/04/2019
CABA y provincia de Bs.As.;20.305.228;01/05/2019
Catamarca;286.401;01/05/2019
Chaco;818.116;01/05/2019
Chubut;579.068;01/05/2019
Córdoba;3.395.565;01/05/2019
Corrientes;804.523;01/05/2019
Entre Ríos;1.070.704;01/05/2019
Formosa;384.731;01/05/2019
Jujuy;521.824;01/05/2019
La Pampa;291.585;01/05/2019
La Rioja;319.151;01/05/2019
Mendoza;1.358.128;01/05/2019
Misiones;839.939;01/05/2019
Neuquén;695.738;01/05/2019
Río Negro;515.063;01/05/2019
Salta;924.575;01/05/2019
San Juan;476.470;01/05/2019
San Luis;315.373;01/05/2019
Santa Cruz;167.039;01/05/2019
Santa Fe;2.994.946;01/05/2019
Santiago del Estero;570.539;01/05/2019
Tierra del Fuego;162.346;01/05/2019
Tucumán;1.227.396;01/05/2019
CABA y provincia de Bs.As.;20.355.918;01/06/2019
Catamarca;288.183;01/06/2019
Chaco;825.120;01/06/2019
Chubut;579.703;01/06/2019
Córdoba;3.404.680;01/06/2019
Corrientes;810.166;01/06/2019
Entre Ríos;1.075.265;01/06/2019
Formosa;392.013;01/06/2019
Jujuy;526.238;01/06/2019
La Pampa;293.165;01/06/2019
La Rioja;319.971;01/06/2019
Mendoza;1.353.970;01/06/2019
Misiones;847.443;01/06/2019
Neuquén;697.078;01/06/2019
Río Negro;515.406;01/06/2019
Salta;932.232;01/06/2019
San Juan;477.197;01/06/2019
San Luis;317.106;01/06/2019
Santa Cruz;167.576;01/06/2019
Santa Fe;3.005.798;01/06/2019
Santiago del Estero;576.384;01/06/2019
Tierra del Fuego;162.398;01/06/2019
Tucumán;1.242.590;01/06/2019
CABA y provincia de Bs.As.;20.552.009;01/07/2019
Catamarca;290.070;01/07/2019
Chaco;827.054;01/07/2019
Chubut;586.673;01/07/2019
Córdoba;3.420.144;01/07/2019
Corrientes;813.165;01/07/2019
Entre Ríos;1.082.032;01/07/2019
Formosa;393.583;01/07/2019
Jujuy;530.200;01/07/2019
La Pampa;296.934;01/07/2019
La Rioja;322.228;01/07/2019
Mendoza;1.366.012;01/07/2019
Misiones;851.460;01/07/2019
Neuquén;706.610;01/07/2019
Río Negro;522.706;01/07/2019
Salta;938.461;01/07/2019
San Juan;481.469;01/07/2019
San Luis;320.977;01/07/2019
Santa Cruz;169.372;01/07/2019
Santa Fe;3.018.176;01/07/2019
Santiago del Estero;579.995;01/07/2019
Tierra del Fuego;163.911;01/07/2019
Tucumán;1.245.711;01/07/2019
CABA y provincia de Bs.As.;20.475.758;01/08/2019
Catamarca;289.279;01/08/2019
Chaco;829.575;01/08/2019
Chubut;584.069;01/08/2019
Córdoba;3.397.176;01/08/2019
Corrientes;814.312;01/08/2019
Entre Ríos;1.078.780;01/08/2019
Formosa;394.246;01/08/2019
Jujuy;530.371;01/08/2019
La Pampa;296.481;01/08/2019
La Rioja;322.852;01/08/2019
Mendoza;1.360.081;01/08/2019
Misiones;851.818;01/08/2019
Neuquén;704.396;01/08/2019
Río Negro;519.426;01/08/2019
Salta;940.615;01/08/2019
San Juan;477.869;01/08/2019
San Luis;319.225;01/08/2019
Santa Cruz;168.734;01/08/2019
Santa Fe;3.019.275;01/08/2019
Santiago del Estero;581.645;01/08/2019
Tierra del Fuego;163.435;01/08/2019
Tucumán;1.233.579;01/08/2019
CABA y provincia de Bs.As.;20.500.672;01/09/2019
Catamarca;289.154;01/09/2019
Chaco;831.154;01/09/2019
Chubut;583.419;01/09/2019
Córdoba;3.444.343;01/09/2019
Corrientes;815.611;01/09/2019
Entre Ríos;1.082.545;01/09/2019
Formosa;394.156;01/09/2019
Jujuy;531.864;01/09/2019
La Pampa;297.090;01/09/2019
La Rioja;323.032;01/09/2019
Mendoza;1.359.007;01/09/2019
Misiones;852.480;01/09/2019
Neuquén;703.361;01/09/2019
Río Negro;516.554;01/09/2019
Salta;942.725;01/09/2019
San Juan;476.438;01/09/2019
San Luis;319.683;01/09/2019
Santa Cruz;168.333;01/09/2019
Santa Fe;3.024.953;01/09/2019
Santiago del Estero;581.026;01/09/2019
Tierra del Fuego;162.697;01/09/2019
Tucumán;1.237.973;01/09/2019
CABA y provincia de Bs.As.;20.420.254;01/10/2019
Catamarca;287.461;01/10/2019
Chaco;832.533;01/10/2019
Chubut;581.752;01/10/2019
Córdoba;3.399.085;01/10/2019
Corrientes;814.590;01/10/2019
Entre Ríos;1.079.516;01/10/2019
Formosa;393.877;01/10/2019
Jujuy;531.833;01/10/2019
La Pampa;296.199;01/10/2019
La Rioja;323.474;01/10/2019
Mendoza;1.350.089;01/10/2019
Misiones;851.147;01/10/2019
Neuquén;700.444;01/10/2019
Río Negro;514.187;01/10/2019
Salta;940.242;01/10/2019
San Juan;473.050;01/10/2019
San Luis;318.018;01/10/2019
Santa Cruz;167.729;01/10/2019
Santa Fe;3.012.934;01/10/2019
Santiago del Estero;581.712;01/10/2019
Tierra del Fuego;161.821;01/10/2019
Tucumán;1.234.459;01/10/2019
CABA y provincia de Bs.As.;20.371.605;01/11/2019
Catamarca;287.301;01/11/2019
Chaco;829.968;01/11/2019
Chubut;579.000;01/11/2019
Córdoba;3.419.402;01/11/2019
Corrientes;813.983;01/11/2019
Entre Ríos;1.083.297;01/11/2019
Formosa;391.071;01/11/2019
Jujuy;530.782;01/11/2019
La Pampa;295.799;01/11/2019
La Rioja;323.317;01/11/2019
Mendoza;1.347.129;01/11/2019
Misiones;849.366;01/11/2019
Neuquén;697.039;01/11/2019
Río Negro;509.906;01/11/2019
Salta;936.602;01/11/2019
San Juan;470.939;01/11/2019
San Luis;317.688;01/11/2019
Santa Cruz;166.831;01/11/2019
Santa Fe;3.020.258;01/11/2019
Santiago del Estero;581.749;01/11/2019
Tierra del Fuego;161.156;01/11/2019
Tucumán;1.241.054;01/11/2019
CABA y provincia de Bs.As.;20.531.539;01/12/2019
Catamarca;290.334;01/12/2019
Chaco;840.304;01/12/2019
Chubut;584.027;01/12/2019
Córdoba;3.443.661;01/12/2019
Corrientes;819.609;01/12/2019
Entre Ríos;1.092.015;01/12/2019
Formosa;395.951;01/12/2019
Jujuy;539.892;01/12/2019
La Pampa;298.302;01/12/2019
La Rioja;326.780;01/12/2019
Mendoza;1.358.769;01/12/2019
Misiones;860.876;01/12/2019
Neuquén;701.763;01/12/2019
Río Negro;513.713;01/12/2019
Salta;949.789;01/12/2019
San Juan;474.548;01/12/2019
San Luis;320.470;01/12/2019
Santa Cruz;168.526;01/12/2019
Santa Fe;3.046.159;01/12/2019
Santiago del Estero;591.480;01/12/2019
Tierra del Fuego;162.769;01/12/2019
Tucumán;1.249.503;01/12/2019
CABA y provincia de Bs.As.;20.417.932;01/01/2020
Catamarca;289.468;01/01/2020
Chaco;842.174;01/01/2020
Chubut;590.142;01/01/2020
Córdoba;3.437.316;01/01/2020
Corrientes;818.899;01/01/2020
Entre Ríos;1.090.165;01/01/2020
Formosa;395.280;01/01/2020
Jujuy;539.883;01/01/2020
La Pampa;298.362;01/01/2020
La Rioja;327.016;01/01/2020
Mendoza;1.367.152;01/01/2020
Misiones;861.590;01/01/2020
Neuquén;709.949;01/01/2020
Río Negro;519.217;01/01/2020
Salta;948.356;01/01/2020
San Juan;485.703;01/01/2020
San Luis;324.162;01/01/2020
Santa Cruz;166.807;01/01/2020
Santa Fe;3.037.724;01/01/2020
Santiago del Estero;590.298;01/01/2020
Tierra del Fuego;163.397;01/01/2020
Tucumán;1.247.726;01/01/2020
CABA y provincia de Bs.As.;20.270.988;01/02/2020
Catamarca;286.346;01/02/2020
Chaco;831.274;01/02/2020
Chubut;597.226;01/02/2020
Córdoba;3.406.227;01/02/2020
Corrientes;809.548;01/02/2020
Entre Ríos;1.072.450;01/02/2020
Formosa;389.962;01/02/2020
Jujuy;533.319;01/02/2020
La Pampa;297.794;01/02/2020
La Rioja;321.796;01/02/2020
Mendoza;1.372.443;01/02/2020
Misiones;851.981;01/02/2020
Neuquén;717.757;01/02/2020
Río Negro;524.846;01/02/2020
Salta;939.189;01/02/2020
San Juan;489.883;01/02/2020
San Luis;324.140;01/02/2020
Santa Cruz;165.430;01/02/2020
Santa Fe;3.009.167;01/02/2020
Santiago del Estero;584.178;01/02/2020
Tierra del Fuego;163.680;01/02/2020
Tucumán;1.233.378;01/02/2020
CABA y provincia de Bs.As.;20.022.845;01/03/2020
Catamarca;283.932;01/03/2020
Chaco;819.808;01/03/2020
Chubut;600.325;01/03/2020
Córdoba;3.375.969;01/03/2020
Corrientes;802.269;01/03/2020
Entre Ríos;1.058.738;01/03/2020
Formosa;384.151;01/03/2020
Jujuy;522.893;01/03/2020
La Pampa;294.722;01/03/2020
La Rioja;317.502;01/03/2020
Mendoza;1.376.475;01/03/2020
Misiones;842.694;01/03/2020
Neuquén;723.704;01/03/2020
Río Negro;528.343;01/03/2020
Salta;925.666;01/03/2020
San Juan;502.901;01/03/2020
San Luis;322.782;01/03/2020
Santa Cruz;161.957;01/03/2020
Santa Fe;2.981.649;01/03/2020
Santiago del Estero;577.605;01/03/2020
Tierra del Fuego;160.959;01/03/2020
Tucumán;1.219.964;01/03/2020
CABA y provincia de Bs.As.;19.289.065;01/04/2020
Catamarca;276.615;01/04/2020
Chaco;802.801;01/04/2020
Chubut;591.848;01/04/2020
Córdoba;3.232.788;01/04/2020
Corrientes;787.097;01/04/2020
Entre Ríos;1.024.118;01/04/2020
Formosa;372.207;01/04/2020
Jujuy;498.853;01/04/2020
La Pampa;285.053;01/04/2020
La Rioja;306.638;01/04/2020
Mendoza;1.346.676;01/04/2020
Misiones;809.809;01/04/2020
Neuquén;715.266;01/04/2020
Río Negro;523.533;01/04/2020
Salta;887.570;01/04/2020
San Juan;518.371;01/04/2020
San Luis;317.001;01/04/2020
Santa Cruz;155.325;01/04/2020
Santa Fe;2.881.053;01/04/2020
Santiago del Estero;559.104;01/04/2020
Tierra del Fuego;154.153;01/04/2020
Tucumán;1.189.407;01/04/2020
CABA y provincia de Bs.As.;19.389.231;01/05/2020
Catamarca;278.320;01/05/2020
Chaco;801.829;01/05/2020
Chubut;607.075;01/05/2020
Córdoba;3.264.718;01/05/2020
Corrientes;797.109;01/05/2020
Entre Ríos;1.032.483;01/05/2020
Formosa;370.107;01/05/2020
Jujuy;500.296;01/05/2020
La Pampa;290.302;01/05/2020
La Rioja;307.023;01/05/2020
Mendoza;1.381.816;01/05/2020
Misiones;815.806;01/05/2020
Neuquén;731.303;01/05/2020
Río Negro;534.828;01/05/2020
Salta;893.921;01/05/2020
San Juan;537.246;01/05/2020
San Luis;325.333;01/05/2020
Santa Cruz;155.439;01/05/2020
Santa Fe;2.901.187;01/05/2020
Santiago del Estero;556.069;01/05/2020
Tierra del Fuego;155.229;01/05/2020
Tucumán;1.208.640;01/05/2020
CABA y provincia de Bs.As.;19.358.702;01/06/2020
Catamarca;293.027;01/06/2020
Chaco;819.772;01/06/2020
Chubut;618.051;01/06/2020
Córdoba;3.320.763;01/06/2020
Corrientes;814.257;01/06/2020
Entre Ríos;1.052.412;01/06/2020
Formosa;385.338;01/06/2020
Jujuy;510.787;01/06/2020
La Pampa;294.370;01/06/2020
La Rioja;320.701;01/06/2020
Mendoza;1.408.576;01/06/2020
Misiones;847.808;01/06/2020
Neuquén;745.350;01/06/2020
Río Negro;547.554;01/06/2020
Salta;922.127;01/06/2020
San Juan;556.447;01/06/2020
San Luis;333.724;01/06/2020
Santa Cruz;155.022;01/06/2020
Santa Fe;2.967.897;01/06/2020
Santiago del Estero;582.223;01/06/2020
Tierra del Fuego;155.735;01/06/2020
Tucumán;1.241.731;01/06/2020
CABA y provincia de Bs.As.;19.436.176;01/07/2020
Catamarca;287.526;01/07/2020
Chaco;813.006;01/07/2020
Chubut;622.491;01/07/2020
Córdoba;3.346.278;01/07/2020
Corrientes;812.134;01/07/2020
Entre Ríos;1.050.091;01/07/2020
Formosa;383.371;01/07/2020
Jujuy;495.354;01/07/2020
La Pampa;296.220;01/07/2020
La Rioja;317.261;01/07/2020
Mendoza;1.410.338;01/07/2020
Misiones;844.412;01/07/2020
Neuquén;747.532;01/07/2020
Río Negro;549.616;01/07/2020
Salta;913.983;01/07/2020
San Juan;554.698;01/07/2020
San Luis;335.117;01/07/2020
Santa Cruz;155.699;01/07/2020
Santa Fe;2.974.200;01/07/2020
Santiago del Estero;577.067;01/07/2020
Tierra del Fuego;156.185;01/07/2020
Tucumán;1.250.250;01/07/2020
CABA y provincia de Bs.As.;19.362.940;01/08/2020
Catamarca;287.223;01/08/2020
Chaco;780.741;01/08/2020
Chubut;623.828;01/08/2020
Córdoba;3.333.309;01/08/2020
Corrientes;784.275;01/08/2020
Entre Ríos;1.030.979;01/08/2020
Formosa;370.557;01/08/2020
Jujuy;491.352;01/08/2020
La Pampa;296.916;01/08/2020
La Rioja;315.238;01/08/2020
Mendoza;1.407.776;01/08/2020
Misiones;806.426;01/08/2020
Neuquén;751.380;01/08/2020
Río Negro;550.411;01/08/2020
Salta;889.678;01/08/2020
San Juan;553.694;01/08/2020
San Luis;337.681;01/08/2020
Santa Cruz;154.009;01/08/2020
Santa Fe;2.937.378;01/08/2020
Santiago del Estero;544.440;01/08/2020
Tierra del Fuego;155.096;01/08/2020
Tucumán;1.183.123;01/08/2020
CABA y provincia de Bs.As.;20.006.331;01/09/2020
Catamarca;299.329;01/09/2020
Chaco;846.069;01/09/2020
Chubut;636.347;01/09/2020
Córdoba;3.380.985;01/09/2020
Corrientes;841.026;01/09/2020
Entre Ríos;1.003.128;01/09/2020
Formosa;402.241;01/09/2020
Jujuy;527.475;01/09/2020
La Pampa;306.546;01/09/2020
La Rioja;332.704;01/09/2020
Mendoza;1.449.982;01/09/2020
Misiones;874.315;01/09/2020
Neuquén;763.123;01/09/2020
Río Negro;557.744;01/09/2020
Salta;941.854;01/09/2020
San Juan;566.230;01/09/2020
San Luis;347.687;01/09/2020
Santa Cruz;158.635;01/09/2020
Santa Fe;3.059.326;01/09/2020
Santiago del Estero;596.287;01/09/2020
Tierra del Fuego;158.562;01/09/2020
Tucumán;1.189.150;01/09/2020
CABA y provincia de Bs.As.;20.020.801;01/10/2020
Catamarca;300.533;01/10/2020
Chaco;847.421;01/10/2020
Chubut;630.702;01/10/2020
Córdoba;3.464.257;01/10/2020
Corrientes;843.293;01/10/2020
Entre Ríos;1.099.170;01/10/2020
Formosa;406.784;01/10/2020
Jujuy;535.821;01/10/2020
La Pampa;305.419;01/10/2020
La Rioja;334.823;01/10/2020
Mendoza;1.439.534;01/10/2020
Misiones;873.142;01/10/2020
Neuquén;758.149;01/10/2020
Río Negro;555.712;01/10/2020
Salta;951.704;01/10/2020
San Juan;562.027;01/10/2020
San Luis;346.093;01/10/2020
Santa Cruz;157.852;01/10/2020
Santa Fe;3.071.138;01/10/2020
Santiago del Estero;596.937;01/10/2020
Tierra del Fuego;157.250;01/10/2020
Tucumán;1.277.856;01/10/2020
CABA y provincia de Bs.As.;20.309.478;01/11/2020
Catamarca;300.703;01/11/2020
Chaco;847.882;01/11/2020
Chubut;645.213;01/11/2020
Córdoba;3.465.434;01/11/2020
Corrientes;843.540;01/11/2020
Entre Ríos;1.102.997;01/11/2020
Formosa;404.847;01/11/2020
Jujuy;537.297;01/11/2020
La Pampa;308.030;01/11/2020
La Rioja;338.551;01/11/2020
Mendoza;1.464.700;01/11/2020
Misiones;872.412;01/11/2020
Neuquén;776.454;01/11/2020
Río Negro;571.181;01/11/2020
Salta;958.912;01/11/2020
San Juan;573.964;01/11/2020
San Luis;351.796;01/11/2020
Santa Cruz;161.393;01/11/2020
Santa Fe;3.077.042;01/11/2020
Santiago del Estero;597.698;01/11/2020
Tierra del Fuego;161.099;01/11/2020
Tucumán;1.281.522;01/11/2020
CABA y provincia de Bs.As.;20.345.512;01/12/2020
Catamarca;304.286;01/12/2020
Chaco;854.941;01/12/2020
Chubut;598.701;01/12/2020
Córdoba;3.523.873;01/12/2020
Corrientes;850.111;01/12/2020
Entre Ríos;1.117.180;01/12/2020
Formosa;411.116;01/12/2020
Jujuy;549.695;01/12/2020
La Pampa;305.542;01/12/2020
La Rioja;343.834;01/12/2020
Mendoza;1.473.927;01/12/2020
Misiones;886.339;01/12/2020
Neuquén;748.602;01/12/2020
Río Negro;525.465;01/12/2020
Salta;980.985;01/12/2020
San Juan;553.990;01/12/2020
San Luis;348.839;01/12/2020
Santa Cruz;169.851;01/12/2020
Santa Fe;3.104.476;01/12/2020
Santiago del Estero;612.585;01/12/2020
Tierra del Fuego;158.720;01/12/2020
Tucumán;1.298.580;01/12/2020
CABA y provincia de Bs.As.;20.138.297;01/01/2021
Catamarca;289.986;01/01/2021
Chaco;795.280;01/01/2021
Chubut;602.284;01/01/2021
Córdoba;3.473.041;01/01/2021
Corrientes;809.544;01/01/2021
Entre Ríos;1.082.534;01/01/2021
Formosa;373.137;01/01/2021
Jujuy;514.659;01/01/2021
La Pampa;305.674;01/01/2021
La Rioja;333.379;01/01/2021
Mendoza;1.475.755;01/01/2021
Misiones;822.395;01/01/2021
Neuquén;751.346;01/01/2021
Río Negro;527.981;01/01/2021
Salta;922.487;01/01/2021
San Juan;552.180;01/01/2021
San Luis;349.461;01/01/2021
Santa Cruz;170.475;01/01/2021
Santa Fe;3.040.223;01/01/2021
Santiago del Estero;583.999;01/01/2021
Tierra del Fuego;158.761;01/01/2021
Tucumán;1.235.409;01/01/2021
CABA y provincia de Bs.As.;19.751.708;01/02/2021
Catamarca;277.435;01/02/2021
Chaco;760.306;01/02/2021
Chubut;597.102;01/02/2021
Córdoba;3.367.890;01/02/2021
Corrientes;776.555;01/02/2021
Entre Ríos;1.042.334;01/02/2021
Formosa;359.038;01/02/2021
Jujuy;491.468;01/02/2021
La Pampa;303.455;01/02/2021
La Rioja;321.738;01/02/2021
Mendoza;1.448.073;01/02/2021
Misiones;789.729;01/02/2021
Neuquén;742.561;01/02/2021
Río Negro;522.093;01/02/2021
Salta;881.753;01/02/2021
San Juan;540.361;01/02/2021
San Luis;342.539;01/02/2021
Santa Cruz;168.258;01/02/2021
Santa Fe;2.933.148;01/02/2021
Santiago del Estero;543.671;01/02/2021
Tierra del Fuego;156.847;01/02/2021
Tucumán;1.184.104;01/02/2021
CABA y provincia de Bs.As.;20.566.558;01/03/2021
Catamarca;305.914;01/03/2021
Chaco;844.970;01/03/2021
Chubut;616.621;01/03/2021
Córdoba;3.546.541;01/03/2021
Corrientes;852.236;01/03/2021
Entre Ríos;1.124.008;01/03/2021
Formosa;403.230;01/03/2021
Jujuy;543.968;01/03/2021
La Pampa;305.627;01/03/2021
La Rioja;347.440;01/03/2021
Mendoza;1.508.570;01/03/2021
Misiones;888.062;01/03/2021
Neuquén;759.704;01/03/2021
Río Negro;534.809;01/03/2021
Salta;978.587;01/03/2021
San Juan;569.340;01/03/2021
San Luis;354.001;01/03/2021
Santa Cruz;161.837;01/03/2021
Santa Fe;3.113.902;01/03/2021
Santiago del Estero;615.026;01/03/2021
Tierra del Fuego;161.580;01/03/2021
Tucumán;1.293.129;01/03/2021
CABA y provincia de Bs.As.;20.569.123;01/04/2021
Catamarca;315.645;01/04/2021
Chaco;856.600;01/04/2021
Chubut;616.828;01/04/2021
Córdoba;3.572.810;01/04/2021
Corrientes;862.745;01/04/2021
Entre Ríos;1.133.790;01/04/2021
Formosa;404.556;01/04/2021
Jujuy;559.086;01/04/2021
La Pampa;304.555;01/04/2021
La Rioja;350.800;01/04/2021
Mendoza;1.509.359;01/04/2021
Misiones;904.667;01/04/2021
Neuquén;761.654;01/04/2021
Río Negro;535.248;01/04/2021
Salta;1.000.514;01/04/2021
San Juan;572.304;01/04/2021
San Luis;351.524;01/04/2021
Santa Cruz;161.410;01/04/2021
Santa Fe;3.138.726;01/04/2021
Santiago del Estero;626.862;01/04/2021
Tierra del Fuego;161.371;01/04/2021
Tucumán;1.332.274;01/04/2021
CABA y provincia de Bs.As.;20.404.817;01/05/2021
Catamarca;308.438;01/05/2021
Chaco;852.702;01/05/2021
Chubut;614.916;01/05/2021
Córdoba;3.558.552;01/05/2021
Corrientes;860.662;01/05/2021
Entre Ríos;1.127.047;01/05/2021
Formosa;399.863;01/05/2021
Jujuy;559.588;01/05/2021
La Pampa;301.915;01/05/2021
La Rioja;350.581;01/05/2021
Mendoza;1.497.025;01/05/2021
Misiones;906.309;01/05/2021
Neuquén;756.556;01/05/2021
Río Negro;530.980;01/05/2021
Salta;993.515;01/05/2021
San Juan;567.516;01/05/2021
San Luis;348.854;01/05/2021
Santa Cruz;159.938;01/05/2021
Santa Fe;3.117.394;01/05/2021
Santiago del Estero;622.236;01/05/2021
Tierra del Fuego;160.467;01/05/2021
Tucumán;1.314.589;01/05/2021
CABA y provincia de Bs.As.;20.560.976;01/06/2021
Catamarca;312.205;01/06/2021
Chaco;864.688;01/06/2021
Chubut;620.310;01/06/2021
Córdoba;3.563.597;01/06/2021
Corrientes;872.378;01/06/2021
Entre Ríos;1.135.929;01/06/2021
Formosa;407.409;01/06/2021
Jujuy;568.218;01/06/2021
La Pampa;303.660;01/06/2021
La Rioja;354.354;01/06/2021
Mendoza;1.504.749;01/06/2021
Misiones;922.461;01/06/2021
Neuquén;762.749;01/06/2021
Río Negro;536.291;01/06/2021
Salta;1.002.505;01/06/2021
San Juan;572.004;01/06/2021
San Luis;353.045;01/06/2021
Santa Cruz;162.803;01/06/2021
Santa Fe;3.134.538;01/06/2021
Santiago del Estero;627.194;01/06/2021
Tierra del Fuego;161.358;01/06/2021
Tucumán;1.333.339;01/06/2021
CABA y provincia de Bs.As.;20.741.627;01/07/2021
Catamarca;317.096;01/07/2021
Chaco;865.913;01/07/2021
Chubut;628.467;01/07/2021
Córdoba;3.595.631;01/07/2021
Corrientes;878.021;01/07/2021
Entre Ríos;1.146.070;01/07/2021
Formosa;413.886;01/07/2021
Jujuy;572.235;01/07/2021
La Pampa;308.917;01/07/2021
La Rioja;356.670;01/07/2021
Mendoza;1.526.398;01/07/2021
Misiones;928.658;01/07/2021
Neuquén;776.288;01/07/2021
Río Negro;545.516;01/07/2021
Salta;1.008.772;01/07/2021
San Juan;580.907;01/07/2021
San Luis;359.169;01/07/2021
Santa Cruz;164.924;01/07/2021
Santa Fe;3.163.559;01/07/2021
Santiago del Estero;639.495;01/07/2021
Tierra del Fuego;162.456;01/07/2021
Tucumán;1.352.063;01/07/2021
CABA y provincia de Bs.As.;20.538.269;01/08/2021
Catamarca;308.515;01/08/2021
Chaco;839.918;01/08/2021
Chubut;630.071;01/08/2021
Córdoba;3.541.767;01/08/2021
Corrientes;865.800;01/08/2021
Entre Ríos;1.124.638;01/08/2021
Formosa;402.349;01/08/2021
Jujuy;562.141;01/08/2021
La Pampa;311.328;01/08/2021
La Rioja;351.185;01/08/2021
Mendoza;1.528.739;01/08/2021
Misiones;905.722;01/08/2021
Neuquén;776.879;01/08/2021
Río Negro;545.927;01/08/2021
Salta;989.299;01/08/2021
San Juan;580.995;01/08/2021
San Luis;359.006;01/08/2021
Santa Cruz;165.160;01/08/2021
Santa Fe;3.109.132;01/08/2021
Santiago del Estero;627.547;01/08/2021
Tierra del Fuego;161.967;01/08/2021
Tucumán;1.327.127;01/08/2021
CABA y provincia de Bs.As.;20.794.637;01/09/2021
Catamarca;318.608;01/09/2021
Chaco;873.227;01/09/2021
Chubut;634.112;01/09/2021
Córdoba;3.602.774;01/09/2021
Corrientes;893.949;01/09/2021
Entre Ríos;1.151.887;01/09/2021
Formosa;421.143;01/09/2021
Jujuy;578.099;01/09/2021
La Pampa;312.929;01/09/2021
La Rioja;359.362;01/09/2021
Mendoza;1.541.011;01/09/2021
Misiones;936.402;01/09/2021
Neuquén;781.678;01/09/2021
Río Negro;549.137;01/09/2021
Salta;1.019.326;01/09/2021
San Juan;587.661;01/09/2021
San Luis;363.038;01/09/2021
Santa Cruz;166.602;01/09/2021
Santa Fe;3.179.113;01/09/2021
Santiago del Estero;651.445;01/09/2021
Tierra del Fuego;162.981;01/09/2021
Tucumán;1.361.763;01/09/2021
CABA y provincia de Bs.As.;21.097.301;01/10/2021
Catamarca;327.934;01/10/2021
Chaco;910.033;01/10/2021
Chubut;637.211;01/10/2021
Córdoba;3.682.949;01/10/2021
Corrientes;912.915;01/10/2021
Entre Ríos;1.183.213;01/10/2021
Formosa;431.591;01/10/2021
Jujuy;582.637;01/10/2021
La Pampa;314.779;01/10/2021
La Rioja;370.729;01/10/2021
Mendoza;1.555.915;01/10/2021
Misiones;963.288;01/10/2021
Neuquén;784.984;01/10/2021
Río Negro;550.910;01/10/2021
Salta;1.045.391;01/10/2021
San Juan;592.526;01/10/2021
San Luis;366.698;01/10/2021
Santa Cruz;166.753;01/10/2021
Santa Fe;3.252.017;01/10/2021
Santiago del Estero;662.917;01/10/2021
Tierra del Fuego;163.174;01/10/2021
Tucumán;1.374.893;01/10/2021
CABA y provincia de Bs.As.;21.130.577;01/11/2021
Catamarca;329.114;01/11/2021
Chaco;916.269;01/11/2021
Chubut;637.846;01/11/2021
Córdoba;3.692.287;01/11/2021
Corrientes;916.794;01/11/2021
Entre Ríos;1.189.434;01/11/2021
Formosa;435.914;01/11/2021
Jujuy;585.042;01/11/2021
La Pampa;314.996;01/11/2021
La Rioja;372.697;01/11/2021
Mendoza;1.557.675;01/11/2021
Misiones;972.708;01/11/2021
Neuquén;784.080;01/11/2021
Río Negro;549.477;01/11/2021
Salta;1.047.568;01/11/2021
San Juan;590.526;01/11/2021
San Luis;369.657;01/11/2021
Santa Cruz;166.851;01/11/2021
Santa Fe;3.263.149;01/11/2021
Santiago del Estero;669.470;01/11/2021
Tierra del Fuego;163.105;01/11/2021
Tucumán;1.383.889;01/11/2021
CABA y provincia de Bs.As.;21.371.445;01/12/2021
Catamarca;329.093;01/12/2021
Chaco;923.619;01/12/2021
Chubut;639.288;01/12/2021
Córdoba;3.705.832;01/12/2021
Corrientes;922.851;01/12/2021
Entre Ríos;1.197.143;01/12/2021
Formosa;439.987;01/12/2021
Jujuy;592.602;01/12/2021
La Pampa;317.807;01/12/2021
La Rioja;375.304;01/12/2021
Mendoza;1.558.684;01/12/2021
Misiones;981.203;01/12/2021
Neuquén;790.362;01/12/2021
Río Negro;550.336;01/12/2021
Salta;1.062.466;01/12/2021
San Juan;596.554;01/12/2021
San Luis;377.609;01/12/2021
Santa Cruz;166.719;01/12/2021
Santa Fe;3.290.857;01/12/2021
Santiago del Estero;676.247;01/12/2021
Tierra del Fuego;168.714;01/12/2021
Tucumán;1.384.980;01/12/2021
CABA y provincia de Bs.As.;21.353.572;01/01/2022
Catamarca;330.474;01/01/2022
Chaco;929.421;01/01/2022
Chubut;636.092;01/01/2022
Córdoba;3.710.653;01/01/2022
Corrientes;925.283;01/01/2022
Entre Ríos;1.200.950;01/01/2022
Formosa;441.246;01/01/2022
Jujuy;596.364;01/01/2022
La Pampa;317.472;01/01/2022
La Rioja;376.420;01/01/2022
Mendoza;1.555.096;01/01/2022
Misiones;988.541;01/01/2022
Neuquén;788.352;01/01/2022
Río Negro;548.511;01/01/2022
Salta;1.065.923;01/01/2022
San Juan;594.410;01/01/2022
San Luis;376.908;01/01/2022
Santa Cruz;166.319;01/01/2022
Santa Fe;3.288.811;01/01/2022
Santiago del Estero;678.477;01/01/2022
Tierra del Fuego;168.436;01/01/2022
Tucumán;1.387.351;01/01/2022
CABA y provincia de Bs.As.;21.392.777;01/02/2022
Catamarca;330.725;01/02/2022
Chaco;927.128;01/02/2022
Chubut;636.755;01/02/2022
Córdoba;3.717.698;01/02/2022
Corrientes;926.270;01/02/2022
Entre Ríos;1.201.038;01/02/2022
Formosa;439.561;01/02/2022
Jujuy;594.223;01/02/2022
La Pampa;317.850;01/02/2022
La Rioja;378.731;01/02/2022
Mendoza;1.559.009;01/02/2022
Misiones;993.600;01/02/2022
Neuquén;788.833;01/02/2022
Río Negro;548.310;01/02/2022
Salta;1.068.003;01/02/2022
San Juan;593.926;01/02/2022
San Luis;376.125;01/02/2022
Santa Cruz;166.879;01/02/2022
Santa Fe;3.286.761;01/02/2022
Santiago del Estero;679.181;01/02/2022
Tierra del Fuego;169.025;01/02/2022
Tucumán;1.387.563;01/02/2022
CABA y provincia de Bs.As.;21.643.270;01/03/2022
Catamarca;332.943;01/03/2022
Chaco;937.091;01/03/2022
Chubut;646.096;01/03/2022
Córdoba;3.755.777;01/03/2022
Corrientes;938.698;01/03/2022
Entre Ríos;1.218.537;01/03/2022
Formosa;444.123;01/03/2022
Jujuy;603.709;01/03/2022
La Pampa;321.235;01/03/2022
La Rioja;383.501;01/03/2022
Mendoza;1.577.222;01/03/2022
Misiones;1.007.189;01/03/2022
Neuquén;801.917;01/03/2022
Río Negro;557.811;01/03/2022
Salta;1.086.945;01/03/2022
San Juan;603.834;01/03/2022
San Luis;380.409;01/03/2022
Santa Cruz;168.938;01/03/2022
Santa Fe;3.315.741;01/03/2022
Santiago del Estero;689.454;01/03/2022
Tierra del Fuego;170.165;01/03/2022
Tucumán;1.404.444;01/03/2022
CABA y provincia de Bs.As.;21.672.117;01/04/2022
Catamarca;332.702;01/04/2022
Chaco;937.564;01/04/2022
Chubut;645.563;01/04/2022
Córdoba;3.756.799;01/04/2022
Corrientes;940.590;01/04/2022
Entre Ríos;1.219.521;01/04/2022
Formosa;444.459;01/04/2022
Jujuy;604.471;01/04/2022
La Pampa;321.380;01/04/2022
La Rioja;384.841;01/04/2022
Mendoza;1.577.831;01/04/2022
Misiones;1.010.075;01/04/2022
Neuquén;803.512;01/04/2022
Río Negro;556.648;01/04/2022
Salta;1.090.230;01/04/2022
San Juan;603.260;01/04/2022
San Luis;380.161;01/04/2022
Santa Cruz;168.710;01/04/2022
Santa Fe;3.314.686;01/04/2022
Santiago del Estero;691.709;01/04/2022
Tierra del Fuego;169.563;01/04/2022
Tucumán;1.404.521;01/04/2022
CABA y provincia de Bs.As.;21.798.565;01/05/2022
Catamarca;333.332;01/05/2022
Chaco;943.697;01/05/2022
Chubut;649.673;01/05/2022
Córdoba;3.766.346;01/05/2022
Corrientes;944.621;01/05/2022
Entre Ríos;1.224.663;01/05/2022
Formosa;447.890;01/05/2022
Jujuy;607.562;01/05/2022
La Pampa;322.627;01/05/2022
La Rioja;386.634;01/05/2022
Mendoza;1.586.393;01/05/2022
Misiones;1.016.968;01/05/2022
Neuquén;808.858;01/05/2022
Río Negro;560.961;01/05/2022
Salta;1.096.467;01/05/2022
San Juan;606.766;01/05/2022
San Luis;382.330;01/05/2022
Santa Cruz;169.754;01/05/2022
Santa Fe;3.323.193;01/05/2022
Santiago del Estero;695.305;01/05/2022
Tierra del Fuego;170.188;01/05/2022
Tucumán;1.407.632;01/05/2022
CABA y provincia de Bs.As.;21.824.888;01/06/2022
Catamarca;334.193;01/06/2022
Chaco;950.730;01/06/2022
Chubut;650.911;01/06/2022
Córdoba;3.777.556;01/06/2022
Corrientes;948.182;01/06/2022
Entre Ríos;1.228.134;01/06/2022
Formosa;451.024;01/06/2022
Jujuy;610.121;01/06/2022
La Pampa;324.569;01/06/2022
La Rioja;388.109;01/06/2022
Mendoza;1.589.111;01/06/2022
Misiones;1.024.397;01/06/2022
Neuquén;810.078;01/06/2022
Río Negro;561.012;01/06/2022
Salta;1.102.847;01/06/2022
San Juan;607.366;01/06/2022
San Luis;383.245;01/06/2022
Santa Cruz;170.294;01/06/2022
Santa Fe;3.329.143;01/06/2022
Santiago del Estero;699.962;01/06/2022
Tierra del Fuego;170.348;01/06/2022
Tucumán;1.411.398;01/06/2022
CABA y provincia de Bs.As.;21.953.282;01/07/2022
Catamarca;337.325;01/07/2022
Chaco;961.203;01/07/2022
Chubut;655.982;01/07/2022
Córdoba;3.801.012;01/07/2022
Corrientes;956.321;01/07/2022
Entre Ríos;1.241.343;01/07/2022
Formosa;457.561;01/07/2022
Jujuy;616.839;01/07/2022
La Pampa;327.213;01/07/2022
La Rioja;391.007;01/07/2022
Mendoza;1.602.264;01/07/2022
Misiones;1.032.658;01/07/2022
Neuquén;817.457;01/07/2022
Río Negro;566.099;01/07/2022
Salta;1.112.185;01/07/2022
San Juan;612.501;01/07/2022
San Luis;386.933;01/07/2022
Santa Cruz;171.684;01/07/2022
Santa Fe;3.348.730;01/07/2022
Santiago del Estero;706.722;01/07/2022
Tierra del Fuego;171.287;01/07/2022
Tucumán;1.420.631;01/07/2022
CABA y provincia de Bs.As.;22.218.571;01/08/2022
Catamarca;338.015;01/08/2022
Chaco;963.087;01/08/2022
Chubut;667.157;01/08/2022
Córdoba;3.815.547;01/08/2022
Corrientes;959.760;01/08/2022
Entre Ríos;1.246.152;01/08/2022
Formosa;458.661;01/08/2022
Jujuy;619.026;01/08/2022
La Pampa;331.063;01/08/2022
La Rioja;394.064;01/08/2022
Mendoza;1.622.446;01/08/2022
Misiones;1.041.613;01/08/2022
Neuquén;833.201;01/08/2022
Río Negro;578.616;01/08/2022
Salta;1.123.457;01/08/2022
San Juan;623.057;01/08/2022
San Luis;391.613;01/08/2022
Santa Cruz;174.118;01/08/2022
Santa Fe;3.362.914;01/08/2022
Santiago del Estero;708.995;01/08/2022
Tierra del Fuego;172.578;01/08/2022
Tucumán;1.426.054;01/08/2022
CABA y provincia de Bs.As.;22.325.565;01/09/2022
Catamarca;339.426;01/09/2022
Chaco;973.341;01/09/2022
Chubut;669.829;01/09/2022
Córdoba;3.827.573;01/09/2022
Corrientes;965.085;01/09/2022
Entre Ríos;1.254.702;01/09/2022
Formosa;463.319;01/09/2022
Jujuy;623.740;01/09/2022
La Pampa;332.530;01/09/2022
La Rioja;397.623;01/09/2022
Mendoza;1.629.056;01/09/2022
Misiones;1.048.414;01/09/2022
Neuquén;837.062;01/09/2022
Río Negro;581.313;01/09/2022
Salta;1.135.455;01/09/2022
San Juan;626.387;01/09/2022
San Luis;393.063;01/09/2022
Santa Cruz;175.328;01/09/2022
Santa Fe;3.371.923;01/09/2022
Santiago del Estero;714.121;01/09/2022
Tierra del Fuego;173.238;01/09/2022
Tucumán;1.431.860;01/09/2022
CABA y provincia de Bs.As.;22.354.868;01/10/2022
Catamarca;340.444;01/10/2022
Chaco;977.947;01/10/2022
Chubut;670.729;01/10/2022
Córdoba;3.828.240;01/10/2022
Corrientes;969.116;01/10/2022
Entre Ríos;1.253.790;01/10/2022
Formosa;465.928;01/10/2022
Jujuy;626.563;01/10/2022
La Pampa;333.528;01/10/2022
La Rioja;398.646;01/10/2022
Mendoza;1.632.443;01/10/2022
Misiones;1.052.473;01/10/2022
Neuquén;839.390;01/10/2022
Río Negro;582.421;01/10/2022
Salta;1.141.263;01/10/2022
San Juan;627.348;01/10/2022
San Luis;393.623;01/10/2022
Santa Cruz;175.444;01/10/2022
Santa Fe;3.363.694;01/10/2022
Santiago del Estero;717.934;01/10/2022
Tierra del Fuego;173.314;01/10/2022
Tucumán;1.431.318;01/10/2022
CABA y provincia de Bs.As.;22.434.522;01/11/2022
Catamarca;340.194;01/11/2022
Chaco;979.424;01/11/2022
Chubut;670.857;01/11/2022
Córdoba;3.836.888;01/11/2022
Corrientes;972.752;01/11/2022
Entre Ríos;1.262.110;01/11/2022
Formosa;467.287;01/11/2022
Jujuy;628.057;01/11/2022
La Pampa;333.761;01/11/2022
La Rioja;399.470;01/11/2022
Mendoza;1.632.929;01/11/2022
Misiones;1.058.273;01/11/2022
Neuquén;840.937;01/11/2022
Río Negro;581.928;01/11/2022
Salta;1.145.349;01/11/2022
San Juan;626.685;01/11/2022
San Luis;393.035;01/11/2022
Santa Cruz;175.657;01/11/2022
Santa Fe;3.373.057;01/11/2022
Santiago del Estero;723.459;01/11/2022
Tierra del Fuego;173.493;01/11/2022
Tucumán;1.437.789;01/11/2022
CABA y provincia de Bs.As.;22.814.765;01/12/2022
Catamarca;339.251;01/12/2022
Chaco;983.079;01/12/2022
Chubut;648.989;01/12/2022
Córdoba;3.832.372;01/12/2022
Corrientes;974.417;01/12/2022
Entre Ríos;1.261.014;01/12/2022
Formosa;469.853;01/12/2022
Jujuy;630.932;01/12/2022
La Pampa;332.181;01/12/2022
La Rioja;400.477;01/12/2022
Mendoza;1.639.235;01/12/2022
Misiones;1.061.218;01/12/2022
Neuquén;833.261;01/12/2022
Río Negro;575.224;01/12/2022
Salta;1.145.924;01/12/2022
San Juan;622.303;01/12/2022
San Luis;394.369;01/12/2022
Santa Cruz;182.621;01/12/2022
Santa Fe;3.370.934;01/12/2022
Santiago del Estero;725.963;01/12/2022
Tierra del Fuego;174.370;01/12/2022
Tucumán;1.435.851;01/12/2022
